term,IDF
angels,0.5228787452803376
antony,0.5228787452803376
brutus,0.5228787452803376
caeser,0.3010299956639812
calpurnia,1.0
cleopatra,1.0
fear,0.5228787452803376
fools,0.3979400086720376
in,0.3979400086720376
mercy,0.3010299956639812
rush,0.3979400086720376
to,0.3979400086720376
tread,0.3979400086720376
where,0.3979400086720376
worser,0.3979400086720376
